Handle,SEO Description
hanes-mens-boxer-briefs-cotton-pack,"Shop the Hanes Men's Cool Cotton Boxer Briefs Pack — Comfort Flex waistband, moisture-wicking. Free shipping over $50."
new-size-night-reflective-jackets-double-fabric-windbreaker-hooded-jacket-men-hip-hop-dancer-waterproof-zipper-coats-outwear,"Night Reflective Windbreaker Jacket — sizes M–5XL, polyester, hooded, waterproof. Order today at VennixStore."
mens-summer-t-shirt-230g-heavy-cotton-vintage-washed-t-shirts-oversized-short-sleeve-loose-streetwear-short-sleeve-tops-tee,"Meet the Men's Heavy Cotton Vintage Washed Tee — 230g, breathable, oversized, tee. In stock now at VennixStore."
mens-new-summer-waffle-round-neck-short-sleeve-t-shirt-comfortable-breathable-short-sleeved-top-for-casual-wear,"Shop the Men's Waffle Knit Round Neck T-Shirt — breathable, relaxed fit. Part of our men' range. Ships free over $50."
men-2025-new-summer-beach-new-models-solid-color-fashion-leisure-comfortable-elastic-waist-double-pockets-cool-sports-shorts,Men's Elastic Waist Sports Shorts - Comfortable & Stylish for Summer Adventures. Part of our men's shorts range. Free shipping over $50.
mens-linen-wide-leg-casual-pants-are-loose-fitting-breathable-and-comfortable-suitable-for-all-seasons-and-versatile,"Meet the Men's Linen Wide Leg Pants — Breathable All-Season — polyester, lace, drawstring, ankle-length. Order today at VennixStore."
mens-ice-silk-mesh-vest-lightweight-sports-summer-wear-sleeveless-t-shirt-tank-top-casual-fashion-outerwear,"Shop the Men's Ice Silk Mesh Vest Lightweight Sports Summer Wear — breathable, sleeveless. In stock now at VennixStore."
mens-bone-flower-solid-color-polo-shirt-business-casual-short-sleeve-summer-breathable-versatile-top,Men's Summer Polo Shirt - Elevate Your Casual Look with Breathable Comfort. Part of our men's polo shirt range. Ships free over $50.
men-fast-dry-stretch-pants-ice-silk-trousers-solid-color-mid-waist-loose-breathable-straight-leg-casual-pants-thin-sports-pants,"Meet the Men's Ice Silk Fast-Dry Stretch Casual Pants — linen, cotton, breathable, straight leg. Free shipping over $50."
mens-suits-3pcs-mens-business-suit-notch-lapel-blazer-formal-wedding-groom-pants-tux-vest-tuxedos-blazer-vest-pants,Shop the Men's 3-Piece Slim Fit Business & Wedding Suit. Part of our men's suit range. Order today at VennixStore.
puaia-print-mens-pants-autumn-winter-new-sport-jogging-trousers-fitness-loose-fit-clothing-solid-color-outfit-streetwear-pants,Men's Loose Fit Streetwear Jogger Trousers — pants. Part of our men's pants range. In stock now at VennixStore.
mens-casual-pants-straight-slim-fit-elastic-waist-jogger-korean-classic-blue-black-gray-male-brand-trousers-plus-size,"Meet the Men's Slim-Fit Elastic Waist Jogger Pants — sizes M–5XL, polyester. Part of our men's underwear range. Ships free over $50."
elegant-womens-v-neck-ruffle-blouse-with-tie-waist-lantern-sleeves-long-sleeve-top,"Shop the Elegant Women's V-Neck Ruffle Blouse with Tie Waist, Lantern Sleeves Long Sleeve Top — ruffled, tie detail, sleeved. Free shipping over $50."
fashionable-pink-floral-round-neck-sleeveless-vest-dress-for-women-casual-summer-style,Fashionable Pink Floral Round Neck Sleeveless Vest Dress for Women Casual Summer Style. Order today at VennixStore.
motorcycle-balaclava-full-face-mask-skull-print-motorbike-full-face-mask-windproof-skiing-head-neck-warmer-bicycle-helmet-liner,Motorcycle Balaclava Full Face Mask Skull Print Motorbike Full Face Mask Windproof Skiing Head Neck Warmer Bic. In stock now at VennixStore.
original-fluffy-cat-ear-hat-lolita-spiky-star-braided-hair-hat-autumn-winter-warmth-subculture-y2k-headwear,Shop the Original Fluffy Cat Ear Hat Lolita Spiky Star Braided Hair Hat Autumn Winter Warmth Subculture Y2K Headwear. Ships free over $50.
cream-textured-tie-front-crop-top-mini-skirt-set,"Cream Textured Tie-Front Crop Top & Mini Skirt Set — tie detail, mini length, top. Free shipping over $50."
cross-border-multi-color-solid-color-3d-printing-digital-printing-hooded-sweater-brown-lining-cotton-padded-jacket,Meet the Cross Border Multi-color Solid Color 3D Printing Digital Printing Hooded Sweater Brown Lining Cotton-padded Jacket. Order today at VennixStore.
mens-fashion-straight-casual-pants,Shop the Men's Fashion Straight Casual Pants — cotton. Part of the Vennix range. In stock now at VennixStore.
early-spring-long-sleeved-thin-sweater-female,"Early Spring Long-sleeved Thin Sweater Female — slim fit, v-neck, coat. Part of the Vennix range. Ships free over $50."
solid-long-sleeve-sweater-slimming-v-neckline-knitwear-womens-bottoming-shirt,"Meet the Solid Long Sleeve Sweater Slimming V-neckline Knitwear Women's Bottoming Shirt — polyester, sleeved. Free shipping over $50."
plaid-button-up-cardigan,Shop the Plaid Button-Up Cardigan — button front. Part of our women's cardigan range. Order today at VennixStore.
half-snap-dropped-shoulder-sweatshirt,Half Snap Dropped Shoulder Sweatshirt. Part of our women's sweatshirt range. In stock now at VennixStore.
openwork-hooded-long-sleeve-sweater,Meet the Openwork Hooded Long Sleeve Sweater — sleeved. Part of our women's sweater range. Ships free over $50.
polka-dot-contrast-trim-leopard-round-neck-sweatshirt,Shop the Polka Dot Contrast Trim Leopard Round Neck Sweatshirt — leopard print. Part of our women's sweatshirt range. Free shipping over $50.
oversized-quarter-zip-hoodie,Oversized Quarter-Zip Hoodie — zip-through. Part of our women's sweatshirt range. Order today at VennixStore.
angel-wings-heathered-turtleneck-long-sleeve-sweater,Meet the Angel Wings Heathered Turtleneck Long Sleeve Sweater — sleeved. Part of our women's sweater range. In stock now at VennixStore.
full-size-eyelet-ruffled-hem-tiered-dress-plus-size,Shop the Full Size Eyelet Ruffled Hem Tiered Dress Plus Size. Part of our women's dress range. Ships free over $50.
leopard-print-long-sleeve-shirt-dress-with-contrast-trim,"Leopard Print Long Sleeve Shirt Dress with Contrast Trim — sleeved, printed. Part of our women's dress range. Free shipping over $50."
umgee-printed-puff-sleeve-ruffle-neck-top,"Meet the Umgee Printed Puff Sleeve Ruffle Neck Top — ruffled, sleeved, top. Part of our women's top range. Order today at VennixStore."
star-contrast-round-neck-long-sleeve-knit-top,"Shop the Star Contrast Round Neck Long Sleeve Knit Top — sleeved, contrast trim, top. In stock now at VennixStore."
mandy-rolled-cap-sleeve-round-neck-sweater-vest,Mandy Rolled Cap Sleeve Round Neck Sweater Vest — sleeved. Part of our women's sweater range. Ships free over $50.
plaid-deep-v-neck-long-sleeve-slim-fit-blouse,Meet the Plaid Deep V-Neck Long Sleeve Slim Fit Blouse — sleeved. Part of our women's blous range. Free shipping over $50.
stripe-holly-jolly-letter-embroidered-pullover-sweatshirt,Shop the Stripe holly jolly Letter Embroidered Pullover Sweatshirt. Part of our women's sweatshirt range. Order today at VennixStore.
zenana-scuba-dolman-sleeve-sweatshirt,Zenana Scuba Dolman Sleeve Sweatshirt — sleeved. Part of our women's sweatshirt range. In stock now at VennixStore.
openwork-cropped-tank-and-split-skirt-set,Meet the Openwork Cropped Tank and Split Skirt Set. Part of our women's set range. Ships free over $50.
mens-plus-size-zip-up-raglan-sleeve-jacket,"Shop the Men's Plus Size Zip Up Raglan Sleeve Jacket — zip-through, sleeved. Part of our men's outerwear range. Free shipping over $50."
ribbed-wide-leg-sweater-pants,Ribbed Wide Leg Sweater Pants. Part of our women's pants range. Order today at VennixStore.
spaghetti-strap-leopard-long-sleeve-blouse,"Meet the Spaghetti Strap Leopard Long Sleeve Blouse — sleeved, leopard print. In stock now at VennixStore."
texture-half-zip-cap-sleeve-mini-dress,"Shop the Texture Half Zip Cap Sleeve Mini Dress — zip-through, sleeved, mini length. Ships free over $50."
umgee-linen-elastic-waist-wide-leg-pants,Umgee Linen Elastic Waist Wide Leg Pants. Part of our women's pants range. Free shipping over $50.
oversized-color-block-crewneck-sweatshirt,Meet the Oversized Color-Block Crewneck Sweatshirt. Part of our women's sweatshirt range. Order today at VennixStore.
denim-trim-button-detail-sweatshirt,Shop the Denim Trim Button Detail Sweatshirt — button front. Part of our women's sweatshirt range. In stock now at VennixStore.
zenana-v-neck-short-sleeve-dolman-sweater,Zenana V-Neck Short Sleeve Dolman Sweater — sleeved. Part of our women's sweater range. Ships free over $50.
raw-seam-detail-solid-color-long-sleeve-top,"Meet the Raw Seam Detail Solid Color Long Sleeve Top — sleeved, top. Part of our women's top range. Free shipping over $50."
lace-button-up-long-sleeve-shirt,"Shop the Lace Button Up Long Sleeve Shirt — button front, sleeved. Part of our women's shirt range. Order today at VennixStore."
western-patchwork-cow-drop-shoulder-sweatshirt,Western Patchwork Cow Drop Shoulder Sweatshirt. Part of our women's sweatshirt range. In stock now at VennixStore.
zenana-seamless-winkle-stone-washed-tank-top,Meet the Zenana Seamless Winkle Stone Washed Tank Top — top. Part of our women's top range. Ships free over $50.
umgee-abstract-print-babydoll-mini-dress,"Shop the Umgee Abstract Print Babydoll Mini Dress — mini length, printed. Part of our women's dress range. Free shipping over $50."
full-size-hollow-out-round-neck-top-plus-size,Full Size Hollow Out Round Neck Top Plus Size — top. Part of our women's top range. Order today at VennixStore.
graphic-round-neck-casual-sweatshirt,Meet the Graphic Round Neck Casual Sweatshirt — graphic print. Part of our women's sweatshirt range. In stock now at VennixStore.
full-size-ruffled-hem-v-neck-sleeveless-dress-plus-size,Shop the Full Size Ruffled Hem V-Neck Sleeveless Dress Plus Size. Part of our women's dress range. Ships free over $50.
mens-plus-size-drawstring-casual-hooded-parka-coat,Men's Plus Size Drawstring Casual Hooded Parka Coat. Part of our men's outerwear range. Free shipping over $50.
mens-plus-size-classic-button-up-denim-blazer,Meet the Men's Plus Size Classic Button Up Denim Blazer — button front. Part of our men's outerwear range. Order today at VennixStore.
mens-plus-size-zip-up-motorcycle-jacket,Shop the Men's Plus Size Zip Up Motorcycle Jacket — zip-through. Part of our men's outerwear range. In stock now at VennixStore.
mens-plus-size-zip-up-bomber-jacket,Men's Plus Size Zip Up Bomber Jacket — zip-through. Part of our men's outerwear range. Ships free over $50.
mens-plus-size-dual-chest-pockets-shacket,Meet the Men's Plus Size Dual Chest Pockets Shacket. Part of our men's outerwear range. Free shipping over $50.
mens-plus-size-stand-collar-leather-moto-jacket,Shop the Men's Plus Size Stand Collar Leather Moto Jacket. Part of our men's outerwear range. Order today at VennixStore.
mens-plus-size-slim-fit-velvet-blazer,Men's Plus Size Slim Fit Velvet Blazer. Part of our men's outerwear range. In stock now at VennixStore.
mens-plus-size-zip-up-hooded-padded-puffer-jacket,Meet the Men's Plus Size Zip Up Hooded Padded Puffer Jacket — zip-through. Part of our men's outerwear range. Ships free over $50.
mens-plus-size-zip-up-hooded-contrast-puffer-jacket,"Shop the Men's Plus Size Zip Up Hooded Contrast Puffer Jacket — zip-through, contrast trim. Free shipping over $50."
mens-full-size-full-zip-outdoor-jacket-plus-size,Men's Full Size Full-Zip Outdoor Jacket Plus Size — zip-through. Part of our men's outerwear range. Order today at VennixStore.
mens-full-size-longline-hooded-down-coat-plus-size,Meet the Men's Full Size Longline Hooded Down Coat Plus Size. Part of our men's outerwear range. In stock now at VennixStore.
button-detail-long-sleeve-shirt,"Shop the Button Detail Long Sleeve Shirt — button front, sleeved. Part of our women's top range. Ships free over $50."
mens-plus-size-zip-up-long-sleeve-jacket,"Men's Plus Size Zip Up Long Sleeve Jacket — zip-through, sleeved. Part of our men's outerwear range. Free shipping over $50."
mens-plus-size-vibrant-leaf-print-blazer,Meet the Men's Plus Size Vibrant Leaf Print Blazer — printed. Part of our men's outerwear range. Order today at VennixStore.
mens-plus-size-zip-up-long-sleeve-jacket-1,"Shop the Men's Plus Size Zip Up Long Sleeve Jacket — zip-through, sleeved. Part of our men's outerwear range. In stock now at VennixStore."
mens-full-size-casual-linen-long-sleeve-polo-shirt-plus-size,Men's Full Size Casual Linen Long Sleeve Polo Shirt Plus Size — sleeved. Part of our men's polo shirt range. Ships free over $50.
mens-plus-size-hooded-colorblock-lightweight-jacket,Meet the Men's Plus Size Hooded Colorblock Lightweight Jacket. Part of our men's outerwear range. Free shipping over $50.
mens-full-size-leather-biker-jacket-with-zipper-pockets-plus-size,Shop the Men's Full Size Leather Biker Jacket with Zipper Pockets Plus Size — zip-through. Order today at VennixStore.
mens-plus-size-lapel-collar-button-up-blazer,Men's Plus Size Lapel Collar Button Up Blazer — button front. Part of our men's outerwear range. In stock now at VennixStore.
mens-plus-size-letter-back-round-neck-t-shirt,Meet the Men's Plus Size Letter Back Round Neck T-Shirt. Part of our men's top range. Ships free over $50.
mens-full-size-camouflage-hooded-faux-leather-jacket-plus-size,Shop the Men's Full Size Camouflage Hooded Faux Leather Jacket Plus Size. Part of our men's outerwear range. Free shipping over $50.
mens-plus-size-vintage-motorcycle-faux-leather-bomber-jacket,Men's Plus Size Vintage Motorcycle Faux Leather Bomber Jacket. Part of our men's outerwear range. Order today at VennixStore.
mens-plus-size-camouflage-zip-up-bomber-jacket,Meet the Men's Plus Size Camouflage Zip Up Bomber Jacket — zip-through. Part of our men's outerwear range. In stock now at VennixStore.
mens-plus-size-hooded-windproof-casual-jacket,Shop the Men's Plus Size Hooded Windproof Casual Jacket. Part of our men's outerwear range. Ships free over $50.
mens-full-size-hooded-faux-leather-motorcycle-jacket-plus-size,Men's Full Size Hooded Faux Leather Motorcycle Jacket Plus Size. Part of our men's outerwear range. Free shipping over $50.
mens-plus-size-plaid-button-up-casual-shacket,Meet the Men's Plus Size Plaid Button Up Casual Shacket — button front. Part of our men's outerwear range. Order today at VennixStore.
mens-plus-size-lapel-collar-long-sleeve-outerwear,Shop the Men's Plus Size Lapel Collar Long Sleeve Outerwear — sleeved. Part of our men's outerwear range. In stock now at VennixStore.
mens-plus-size-zip-up-hooded-puffer-jacket,Men's Plus Size Zip Up Hooded Puffer Jacket — zip-through. Part of our men's outerwear range. Ships free over $50.
mens-plus-size-hooded-outdoor-windproof-coat,Meet the Men's Plus Size Hooded Outdoor Windproof Coat. Part of our men's outerwear range. Free shipping over $50.
mens-plus-size-contrast-trim-zip-up-jacket,Shop the Men's Plus Size Contrast Trim Zip Up Jacket — zip-through. Part of our men's outerwear range. Order today at VennixStore.
mens-plus-size-striped-zip-up-jacket,Men's Plus Size Striped Zip Up Jacket — zip-through. Part of our men's outerwear range. In stock now at VennixStore.
faux-leather-moto-jacket-with-asymmetrical-zip,Meet the Faux Leather Moto Jacket with Asymmetrical Zip — zip-through. Part of our women's outerwear range. Ships free over $50.
full-size-halloween-pumpkin-loose-knit-cover-up-plus-size,Shop the Full Size Halloween Pumpkin Loose Knit Cover Up Plus Size. Part of our women's top range. Free shipping over $50.
off-shoulder-ruched-lace-mermaid-maxi-dress,Off-Shoulder Ruched Lace Mermaid Maxi Dress — maxi length. Part of our women's dress range. Order today at VennixStore.
double-take-full-size-openwork-contrast-long-sleeve-hooded-sweater-plus-size,"Meet the Double Take Full Size Openwork Contrast Long Sleeve Hooded Sweater Plus Size — sleeved, contrast trim. In stock now at VennixStore."
halloween-rhinestone-pumpkin-face-contrast-ribbed-long-sleeve-patchwork-top,"Shop the Halloween Rhinestone Pumpkin Face Contrast Ribbed Long Sleeve Patchwork Top — sleeved, contrast trim, top. Ships free over $50."
plus-size-halloween-ghost-and-pumpkin-print-top-and-pants-lounge-set,"Plus Size Halloween Ghost and Pumpkin Print Top and Pants Lounge Set — printed, top. Free shipping over $50."
satin-mini-dress-with-lace-detachable-cape,Meet the Satin Mini Dress with Lace Detachable Cape — mini length. Part of our women's dress range. Order today at VennixStore.
geometric-pattern-long-sleeve-sweater,Shop the Geometric Pattern Long Sleeve Sweater — sleeved. Part of our women's sweater range. In stock now at VennixStore.
rhinestone-embellished-mock-neck-long-sleeve-maxi-dress,"Rhinestone Embellished Mock Neck Long Sleeve Maxi Dress — sleeved, maxi length. Part of our women's dress range. Ships free over $50."
double-take-full-size-pumpkin-button-up-long-sleeve-cardigan-plus-size,"Meet the Double Take Full Size Pumpkin Button Up Long Sleeve Cardigan Plus Size — button front, sleeved. Free shipping over $50."
halloween-pumpkin-print-long-sleeve-two-piece-lounge-set,"Shop the Halloween Pumpkin Print Long Sleeve Two Piece Lounge Set — sleeved, printed. Order today at VennixStore."
lace-keyhole-high-slit-maxi-dress,Lace Keyhole High-Slit Maxi Dress — maxi length. Part of our women's dress range. In stock now at VennixStore.
double-take-full-size-printed-ruffle-hem-long-sleeve-dress-plus-size,"Meet the Double Take Full Size Printed Ruffle Hem Long Sleeve Dress Plus Size — ruffled, sleeved. Ships free over $50."
gothic-punk-star-charm-toggle-necklace,Shop the Gothic Punk Star Charm Toggle Necklace. Part of our necklace range. Free shipping over $50.
halloween-ghost-graphic-round-neck-sweatshirt,Halloween Ghost Graphic Round Neck Sweatshirt — graphic print. Part of our women's sweatshirt range. Order today at VennixStore.
full-size-halloween-ghost-graphic-short-sleeve-t-shirt-plus-size,"Meet the Full Size Halloween Ghost Graphic Short Sleeve T-Shirt Plus Size — sleeved, graphic print. In stock now at VennixStore."
multicolour-leopard-print-western-style-wide-leg-full-length-pants,Shop the Multicolour Leopard Print Western Style Wide Leg Full Length Pants — printed. Ships free over $50.
staying-alive-funny-skeleton-graphic-round-neck-t-shirt,STAYING ALIVE Funny Skeleton Graphic Round Neck T Shirt — graphic print. Part of our women's top range. Free shipping over $50.
one-shoulder-lace-bodysuit,Meet the One-Shoulder Lace Bodysuit. Part of our women's bodysuit range. Order today at VennixStore.
raw-seam-colorblock-wide-leg-ankle-length-casual-pants,Shop the Raw Seam Colorblock Wide Leg Ankle Length Casual Pants. Part of our women's pants range. In stock now at VennixStore.
round-neck-ghost-print-regular-fit-graphic-long-sleeve-t-shirt,"Round Neck Ghost Print Regular Fit Graphic Long Sleeve T-Shirt — sleeved, printed. Part of our women's top range. Ships free over $50."
rhinestone-pearl-detail-one-shoulder-mermaid-maxi-dress,Meet the Rhinestone Pearl Detail One-Shoulder Mermaid Maxi Dress — maxi length. Part of our women's dress range. Free shipping over $50.
asymmetrical-one-shoulder-cami-with-lace-trim-and-gold-hardware,Shop the Asymmetrical One-Shoulder Cami with Lace Trim and Gold Hardware. Part of our women's top range. Order today at VennixStore.
halloween-ghost-print-mineral-wash-oversize-hoodie,Halloween Ghost Print Mineral Wash Oversize Hoodie — printed. Part of our women's sweatshirt range. In stock now at VennixStore.
double-take-full-size-plaid-dropped-shoulder-fleece-hoodie-plus-size,Meet the Double Take Full Size Plaid Dropped Shoulder Fleece Hoodie Plus Size. Part of our women's sweatshirt range. Ships free over $50.
halloween-pumpkin-print-cami-and-shorts-lounge-set,Shop the Halloween Pumpkin Print Cami and Shorts Lounge Set — printed. Part of our women's set range. Free shipping over $50.
abstract-halloween-pattern-long-sleeve-mock-neck-blouse,Abstract Halloween Pattern Long Sleeve Mock Neck Blouse — sleeved. Part of our women's blous range. Order today at VennixStore.
glitter-cape-sleeve-maxi-dress,"Meet the Glitter Cape-Sleeve Maxi Dress — sleeved, maxi length. Part of our women's dress range. In stock now at VennixStore."
halloween-pumpkin-and-bat-print-button-down-top-and-pants-lounge-set,"Shop the Halloween Pumpkin and Bat Print Button-Down Top and Pants Lounge Set — button front, printed, top. Ships free over $50."
full-size-halloween-graphic-long-sleeve-hoodie-plus-size,"Full Size Halloween Graphic Long Sleeve Hoodie Plus Size — sleeved, graphic print. Free shipping over $50."
full-size-twisted-sleeveless-ruched-waist-a-line-dress-plus-size,Meet the Full Size Twisted Sleeveless Ruched Waist A-Line Dress Plus Size. Part of our women's dress range. Order today at VennixStore.
polka-dot-v-neck-long-sleeve-button-shift-dress,"Shop the Polka Dot V Neck Long Sleeve Button Shift Dress — button front, sleeved. In stock now at VennixStore."
gothic-cross-pendant-layered-necklace,Gothic Cross Pendant Layered Necklace. Part of our necklace range. Ships free over $50.
halloween-ghost-print-button-down-top-and-shorts-lounge-set,"Meet the Halloween Ghost Print Button-Down Top and Shorts Lounge Set — button front, printed, top. Free shipping over $50."
halloween-rhinestone-skull-graphic-mock-neck-baggy-pullover-sweatshirt,Shop the Halloween Rhinestone Skull Graphic Mock Neck Baggy Pullover Sweatshirt — graphic print. Order today at VennixStore.
glittering-pumpkin-face-crewneck-halloween-t-shirt,Glittering Pumpkin Face Crewneck Halloween T Shirt. Part of our women's top range. In stock now at VennixStore.
plus-size-skeleton-print-cami-lounge-set,Meet the Plus Size Skeleton Print Cami Lounge Set — printed. Part of our women's set range. Ships free over $50.
leopard-print-cropped-faux-leather-jacket-with-utility-pockets,Shop the Leopard Print Cropped Faux Leather Jacket with Utility Pockets — printed. Free shipping over $50.
one-shoulder-lace-top,One-Shoulder Lace Top — top. Part of our women's top range. Order today at VennixStore.
stripe-halloween-ghost-patch-round-neck-long-sleeve-top,"Meet the Stripe Halloween Ghost Patch Round Neck Long Sleeve Top — sleeved, top. In stock now at VennixStore."
reversible-halloween-graphic-mock-neck-tunic-sweatshirt,Shop the Reversible Halloween Graphic Mock Neck Tunic Sweatshirt — graphic print. Part of our women's sweatshirt range. Ships free over $50.
spooky-season-mock-neck-reversible-halloween-sweatshirt,Spooky Season Mock Neck Reversible Halloween Sweatshirt. Part of our women's sweatshirt range. Free shipping over $50.
rhinestone-slit-flare-sleeve-cape-maxi-dress,"Meet the Rhinestone Slit Flare Sleeve Cape Maxi Dress — flared, sleeved, maxi length. Order today at VennixStore."
gothic-charm-choker-necklace,Shop the Gothic Charm Choker Necklace. Part of our necklace range. In stock now at VennixStore.
sequin-long-sleeve-knit-cover-up,Sequin Long Sleeve Knit Cover Up — sleeved. Part of our women's top range. Ships free over $50.
gothic-lace-choker-necklace-with-teardrop-dangle-charms,Meet the Gothic Lace Choker Necklace with Teardrop Dangle Charms. Part of our necklace range. Free shipping over $50.
18k-gold-plated-zircon-chain-necklace,Shop the 18K Gold-Plated Zircon Chain Necklace. Part of our necklace range. Order today at VennixStore.
bat-wing-shaped-gothic-sunglasses,Bat-Wing Shaped Gothic Sunglasses. Part of our sunglass range. In stock now at VennixStore.
v-neck-short-sleeve-geometric-sweater,Meet the V Neck Short Sleeve Geometric Sweater — sleeved. Part of our women's sweater range. Ships free over $50.
cable-knit-dropped-shoulder-sweater,Shop the Cable-Knit Dropped Shoulder Sweater. Part of our women's sweater range. Free shipping over $50.
halloween-spooky-letter-graphic-round-neck-casual-t-shirt,Halloween Spooky Letter Graphic Round Neck Casual T Shirt — graphic print. Part of our women's top range. Order today at VennixStore.
pumpkin-season-oversized-pullover-sweatshirt,Meet the PUMPKIN SEASON Oversized Pullover Sweatshirt. Part of our women's sweatshirt range. In stock now at VennixStore.
double-take-full-size-half-zip-exposed-seam-fleece-hoodie,Shop the Double Take Full Size Half Zip Exposed Seam Fleece Hoodie — zip-through. Part of our women's sweatshirt range. Ships free over $50.
gothic-rose-cross-dangle-necklace,Gothic Rose Cross Dangle Necklace. Part of our necklace range. Free shipping over $50.
gothic-cross-pendant-necklace,Meet the Gothic Cross Pendant Necklace. Part of our necklace range. Order today at VennixStore.
skeleton-long-sleeve-t-shirt,Shop the Skeleton Long Sleeve T-Shirt — sleeved. Part of our women's top range. In stock now at VennixStore.
full-size-cat-and-pumpkin-v-neck-sweater-plus-size,Full Size Cat and Pumpkin V-Neck Sweater Plus Size. Part of our women's sweater range. Ships free over $50.
sequin-pumpkin-spooky-halloween-sweatshirt,Meet the Sequin Pumpkin Spooky Halloween Sweatshirt. Part of our women's sweatshirt range. Free shipping over $50.
halloween-pumpkin-print-long-sleeve-home-wear-lounge-set,"Shop the Halloween Pumpkin Print Long Sleeve Home Wear Lounge Set — sleeved, printed. Order today at VennixStore."
polka-dot-dropped-shoulder-sweatshirt,Polka Dot Dropped Shoulder Sweatshirt. Part of our women's sweatshirt range. In stock now at VennixStore.
lace-trim-ruffle-mini-skirt,"Meet the Lace Trim Ruffle Mini Skirt — ruffled, mini length. Part of our women's skirt range. Ships free over $50."
double-take-full-size-printed-ruffle-trim-balloon-sleeve-shirt-plus-size,"Shop the Double Take Full Size Printed Ruffle Trim Balloon Sleeve Shirt Plus Size — ruffled, sleeved. Free shipping over $50."
gothic-star-and-cross-charm-choker-necklace,Gothic Star and Cross Charm Choker Necklace. Part of our necklace range. Order today at VennixStore.
rhinestone-slit-maxi-dress-with-sheer-cape-sleeves,Meet the Rhinestone Slit Maxi Dress with Sheer Cape Sleeves — maxi length. Part of our women's dress range. In stock now at VennixStore.
full-size-halloween-ghost-applique-short-sleeve-t-shirt-plus-size,Shop the Full Size Halloween Ghost Applique Short Sleeve T-Shirt Plus Size — sleeved. Ships free over $50.
drop-shoulder-long-sleeve-round-neck-halloween-sweater,Drop Shoulder Long Sleeve Round Neck Halloween Sweater — sleeved. Part of our women's sweater range. Free shipping over $50.
ghost-boo-reversible-print-mock-neck-casual-sweatshirt,"Meet the Ghost/ BOO Reversible Print Mock Neck Casual Sweatshirt — printed, ""boo"". Order today at VennixStore."
lace-hem-lapel-collar-blazer,Shop the Lace Hem Lapel Collar Blazer. Part of our women's outerwear range. In stock now at VennixStore.
halloween-skeleton-print-color-block-sweatshirt,Halloween Skeleton Print Color Block Sweatshirt — printed. Part of our women's sweatshirt range. Ships free over $50.
halloween-leopard-pumpkin-patchwork-ribbed-sweatshirt,Meet the Halloween Leopard Pumpkin Patchwork Ribbed Sweatshirt — leopard print. Part of our women's sweatshirt range. Free shipping over $50.
halloween-ghost-embroidered-casual-sweatshirt,Shop the Halloween Ghost Embroidered Casual Sweatshirt. Part of our women's sweatshirt range. Order today at VennixStore.
sweetheart-neck-sheer-lace-maxi-dress,"Sweetheart Neck Sheer Lace Maxi Dress — sweetheart neckline, maxi length. Part of our women's dress range. In stock now at VennixStore."
halloween-pumpkin-floral-round-neck-sweatshirt,Meet the Halloween Pumpkin Floral Round Neck Sweatshirt. Part of our women's sweatshirt range. Ships free over $50.
plaid-sleeve-colorblock-loose-tunic-sweatshirt,Shop the Plaid Sleeve Colorblock Loose Tunic Sweatshirt — sleeved. Part of our women's sweatshirt range. Free shipping over $50.
lace-v-neck-tank,Lace V-Neck Tank. Part of our women's top range. Order today at VennixStore.
floral-lace-crochet-tiered-ruffled-mini-dress,Meet the Floral Lace Crochet Tiered Ruffled Mini Dress — mini length. Part of our women's dress range. In stock now at VennixStore.
full-size-skull-pumpkin-face-stay-spooky-graphic-halloween-t-shirt-plus-size,Shop the Full Size Skull Pumpkin Face STAY SPOOKY Graphic Halloween T Shirt Plus Size — graphic print. Ships free over $50.
halloween-pumpkin-and-cat-pattern-knit-round-neck-sweater,Halloween Pumpkin and Cat Pattern Knit Round Neck Sweater. Part of our women's sweater range. Free shipping over $50.
lace-v-neck-sleeveless-maxi-dress,Meet the Lace V-Neck Sleeveless Maxi Dress — maxi length. Part of our women's dress range. Order today at VennixStore.
lace-hem-one-button-blazer,Shop the Lace Hem One Button Blazer — button front. Part of our women's outerwear range. In stock now at VennixStore.
sequin-autumn-leaf-coffee-cup-waffle-knit-top,Sequin Autumn Leaf & Coffee Cup Waffle Knit Top — top. Part of our women's top range. Ships free over $50.
halloween-pumpkin-open-front-knit-cardigan,Meet the Halloween Pumpkin Open Front Knit Cardigan. Part of our women's sweater range. Free shipping over $50.
sequin-ghost-exposed-seam-mock-neck-sweatshirt,Shop the Sequin Ghost Exposed Seam Mock Neck Sweatshirt. Part of our women's sweatshirt range. Order today at VennixStore.
dancing-critters-sequin-halloween-crewneck-sweatshirt,Dancing Critters Sequin Halloween Crewneck Sweatshirt. Part of our women's sweatshirt range. In stock now at VennixStore.
patchwork-pumpkin-graphic-corded-ribbed-round-neck-tunic-sweatshirt,Meet the Patchwork Pumpkin Graphic Corded Ribbed Round Neck Tunic Sweatshirt — graphic print. Ships free over $50.
crochet-lace-strapless-boned-corset-lace-up-waist-cincher-tube-top,Shop the Crochet Lace Strapless Boned Corset Lace‑Up Waist Cincher Tube Top — top. Free shipping over $50.
sequin-halloween-pumpkin-pattern-v-neck-tee-and-drawstring-bottoms-casual-set,Sequin Halloween Pumpkin Pattern V Neck Tee and Drawstring Bottoms Casual Set — tee. Order today at VennixStore.
short-sleeve-pumpkin-print-polka-dot-trim-pocket-placket-lounge-set,"Meet the Short Sleeve Pumpkin Print Polka Dot Trim Pocket Placket Lounge Set — sleeved, printed. In stock now at VennixStore."
embroidered-spooky-season-long-sleeve-round-neck-sweatshirt,Shop the Embroidered Spooky Season Long Sleeve Round Neck Sweatshirt — sleeved. Part of our women's sweatshirt range. Ships free over $50.
full-size-spooky-sequin-letter-patched-cotton-blend-t-shirt-plus-size,Full Size Spooky Sequin Letter Patched Cotton Blend T Shirt Plus Size. Part of our women's top range. Free shipping over $50.
corded-ribbed-farm-fresh-pumpkins-graphic-sweatshirt,Meet the Corded Ribbed Farm Fresh Pumpkins Graphic Sweatshirt — graphic print. Order today at VennixStore.
elegant-3d-lace-trim-high-waist-a-line-midi-skirt,Shop the Elegant 3D Lace Trim High‑Waist A‑Line Midi Skirt — midi length. Part of our women's skirt range. In stock now at VennixStore.
full-size-halloween-sequin-ghost-print-short-sleeve-casual-t-shirt-plus-size,"Full Size Halloween Sequin Ghost Print Short Sleeve Casual T-Shirt Plus Size — sleeved, printed. Ships free over $50."
gothic-multi-layered-beaded-necklace,Meet the Gothic Multi-Layered Beaded Necklace. Part of our necklace range. Free shipping over $50.
sequin-high-slit-sleeveless-maxi-dress,Shop the Sequin High Slit Sleeveless Maxi Dress — maxi length. Part of our women's dress range. Order today at VennixStore.
halloween-ghost-pattern-checkerboard-sweater,Halloween Ghost Pattern Checkerboard Sweater. Part of our women's sweater range. In stock now at VennixStore.
lace-trimmed-keyhole-long-sleeve-t-shirt,Meet the Lace-Trimmed Keyhole Long Sleeve T-Shirt — sleeved. Part of our women's top range. Ships free over $50.
patchwork-plaid-pumpkin-face-long-sleeve-top,"Shop the Patchwork Plaid Pumpkin Face Long Sleeve Top — sleeved, top. Part of our women's top range. Free shipping over $50."
rhinestone-pumpkin-long-sleeve-sweatshirt,Rhinestone Pumpkin Long Sleeve Sweatshirt — sleeved. Part of our women's sweatshirt range. Order today at VennixStore.
elegant-lace-long-sleeve-mini-dress,"Meet the Elegant Lace Long Sleeve Mini Dress — sleeved, mini length. Part of our women's dress range. In stock now at VennixStore."
